Thá»i gian,Text
6/9/2024,á» Ä‘Ã¢u mÃ  gio to tháº¿ chá»‹
6/9/2024,cáº§u mong bÃ£o Ä‘i qua nháº¹ nhÃ ng má»i ngá»«oi Ä‘á»u Ä‘Æ°á»£c bÃ¬nh an
6/9/2024,á» chá»— nÃ o mÃ  bÃ£o khiáº¿p tháº¿ báº¡n
6/9/2024,BÃ£o Ä‘Ã£ vá» tá»›i Ä‘Ã¢u Ä‘áº¥y lan sá»£ tháº­t
6/9/2024,QuÃ¡ rá»“i báº£o vÃ o mÃ  Ä‘i Ä‘Ã¢u váº­y
6/9/2024,"Sá»£ luÃ´n, vÄ©nh hÆ°ng nÃ¨"
6/9/2024,BÃ¢y giá» lÃ  lÃºc cáº§n Ä‘áº¿n nhÃ  Huyá»n Há»c ra tay cá»©u khá»• cá»©u náº¡n
7/9/2024,Cáº­n cáº£nh láº­t thuyá»n á»Ÿ Quáº£ng Ninh. Cáº§u mong ko ai bá»‹ lÃ m sao
7/9/2024,Cá»© ngá»¡ chá»‰ cÃ³ trÃªn phim. Ai ngá» thá»±c táº¿ bÃ£o Ä‘áº¿n tháº­t má»›i tháº¥y khá»§ng khiáº¿p quÃ¡ 
7/9/2024,BÃ£o to khiáº¿p quÃ¡
7/9/2024,Sá»£ tháº­t
7/9/2024,giÃ³ sá»£ quÃ¡ mong má»i ngÆ°á»i Ä‘Æ°á»£c bÃ¬nh an
7/9/2024,Sá»£ quÃ¡ b Æ¡i
8/9/2024,khá»§ng khiáº¿p quÃ¡ğŸ¥²
8/9/2024,"sá»£ hÃ£i luÃ´n Ã­, kinh tháº­t sá»±"
7/9/2024,BÃ£o sá»£ quÃ¡ a Æ¡i
7/9/2024,DÃ£ man quÃ¡ luÃ´n Ã½
8/9/2024,DÃ£ man quÃ¡ trá»i luÃ´n a Æ¡i
7/9/2024,QuÃ¡ khá»§ng khiáº¿p mÃ  thÆ°Æ¡ng quÃ¡
7/9/2024,Chá»— em Ä‘ang giÃ³ giáº­t Ã¡c láº¯m 
8/9/2024,Chá»— em mÆ°a hoÃ i luÃ´n Ã¡
7/9/2024,Bay luÃ´n cáº£ oto á»Ÿ Quáº£ng Ninh trong mÆ°a bÃ£o Yagi
8/9/2024,"BÃ£o lÃ  nÃºp trong nhÃ  thÃ´i nha bÃ  con Ä‘á»«ng cÃ³ ra ngoÃ i ráº¥t nguy hiá»ƒm, náº¿u ra pháº£i cÃºi tháº¥p ngÆ°á»i Ä‘á»£i mÅ© báº£o hiá»ƒm khÃ´ng biáº¿t cÃ¡i gÃ¬ sáº½ bay vÃ o mÃ¬nh Ä‘Ã¢u."
8/9/2024,"NhÃ  e bá»‹ máº¥t Ä‘iá»‡n nÃªn máº¥t sÃ³ng, k gá»i Ä‘iá»‡n vá» há»i thÄƒm tÃ¬nh hÃ¬nh Ä‘Æ°á»£c luÃ´n"
7/9/2024,BÃªn nhÃ  c mÆ°a táº¡nh nhÆ°ng giÃ³ váº«n giáº­t Ã¡c láº¯m
8/9/2024,"Tan hoang chá»‹ áº¡. CÃ¡c cÃ¢y xanh má»‡t quÃ¡, náº±m Æ°á»n háº¿t ra Ä‘Æ°á»ng rÃ¹i"
8/9/2024,NhÃ  chá»‹ gáº«y 1 cÃ¢y mÃ­t vÃ  Ä‘á»• nghiÃªng 2 cÃ¢y mÃ­t thÃ´i. NÃ³i chung khÃ´ng thiá»‡t háº¡i gÃ¬ máº¥y.
7/9/2024,chá»— e bay háº¿t nhÃ  rá»“i =))
7/9/2024,Báº¯c Ninh Ä‘ang giÃ³ ráº¥t to rá»“i.sá»£ quÃ¡.mong lÃ  bÃ£o qua nhanh
8/9/2024,"Má»™t gÃ³c Linh ÄÃ m quÃª em, cÃ¢y cá»‘i Ä‘á»• ngá»•n ngang nhÆ° bá»‹ bom tÃ n phÃ¡, biá»ƒn cá»­a hÃ ng em cÅ©ng bay máº¥t vÃ  há»ng .... CÆ¡n bÃ£o Ä‘Ã£ Ä‘i qua, nhÆ°ng háº­u quáº£ cá»§a nÃ³ Ä‘á»ƒ láº¡i tháº­t khá»§ng khiáº¿p, má»©c tÃ n phÃ¡ khÃ³ mÃ  tÆ°á»Ÿng tÆ°á»£ng Ä‘Æ°á»£c. Ráº¥t nhiá»u cÃ¢y cá»• thá»¥ cÃ³ hÃ ng chá»¥c Ä‘áº¿n cáº£ trÄƒm tuá»•i bá»‹ báº­t gá»‘c, nhiá»u nhÃ , xe bá»‹ hÆ° há»ngâ€¦ máº¥t mÃ¡t quÃ¡ nhiá»u, tháº­t sá»± xÃ³t xa."
6/9/2024,TÃ²ng báº¡t máº¥t Ä‘iá»‡n
6/9/2024,PhÃº sÆ¡n cÅ©ng máº¥t Ä‘iá»‡n vÃ  Ä‘Ã³n nháº­n tá»«ng Ä‘á»£t sÃ©t Ä‘Ã¡nh mong sÃ©t chá»‰ Ä‘Ã¡nh vÃ o cÃ¢y ko Ä‘Ã¡nh vÃ o cÃ¡c tráº¡m Ä‘iá»‡n vÃ  cá»™t Ä‘iá»‡n cho ae Ä‘iá»‡n lá»±c Ä‘á»¡ khá»•
6/9/2024,Máº¥t Ä‘iá»‡n toÃ n pháº§n cÃ¡c bÃ¡c áº¡
6/9/2024,Máº¥t Ä‘iá»‡n
6/9/2024,trung hÃ  cÅ©ng máº¥t Ä‘iá»‡n rá»“i a nhÃ© . mÆ°a thÃ¬ mÆ°a luÃ´n Ä‘i. sáº¥m chá»›p cÃ³ doáº¡ ma
8/9/2024,Khu nhÃ  mÃ¬nh cÃ¢y cá»‘i Ä‘á»• khá»§ng tháº­t bÃ¡c áº¡
8/9/2024,Khu vá»±c em cÅ©ng tan tÃ¡c bÃ¡c Ã 
6/9/2024,HoÃ n Kiáº¿m cÃ¢y Ä‘á»• sáº­p cáº£ nhÃ .
7/9/2024,Má»i thá»© tan tÃ¡c sau cÆ¡n bÃ£o .nhiá»u cÄƒn há»™ Ä‘Ãºng hÆ°á»›ng giÃ³ bá»‹ báº­t cá»­a sá»• quÃ¡ Ä‘Ã¡ng sá»£ luÃ´n 7/9/2024 áº£nh hÆ°á»Ÿng bÃ£o
8/9/2024,NhÃ  c cÃ¢y gÃ£y nhiá»u thes
8/9/2024,"QuÃ¡ khá»§ng khiáº¿p #sieubao #Yagi. KhÃ´ng Ä‘iá»‡n, khÃ´ng nÆ°á»›c, khÃ´ng sÃ³ng Ä‘iá»‡n thoáº¡i, ká»ƒ cÅ©ng hay."
8/9/2024,"trong nhÃ  em cx ngáº­p Ã¡c, cáº£ Ä‘á»“ng lÃºa rá»™ng mÃªnh mÃ´ng giá» há»ng háº¿t"
09/09/2024,MÆ°a nháº¹ nhÆ°ng kÃ©o dÃ i suá»‘t ngÃ y.
17/09/2024,Nghe tiáº¿ng giÃ³ rÃ­t ráº¥t lá»›n suá»‘t Ä‘Ãªm.
16/09/2024,"NÆ°á»›c rÃºt cháº­m quÃ¡, sinh hoáº¡t bá»‹ áº£nh hÆ°á»Ÿng."
06/09/2024,Äiá»‡n bá»‹ cáº¯t nhiá»u giá» liá»n.
06/09/2024,"SÃ³ng Ä‘iá»‡n thoáº¡i ráº¥t yáº¿u, khÃ³ liÃªn láº¡c."
06/09/2024,Má»i ngÆ°á»i trong xÃ³m Ä‘ang chÃ¨n láº¡i mÃ¡i nhÃ .
06/09/2024,Má»™t sá»‘ tuyáº¿n Ä‘Æ°á»ng Ä‘Ã£ thÃ´ng xe trá»Ÿ láº¡i.
14/09/2024,TrÆ°á»ng há»c táº¡m Ä‘Ã³ng cá»­a Ä‘á»ƒ kiá»ƒm tra hÆ° há»ng.
14/09/2024,CÃ¢y cá»‘i ngá»•n ngang trÃªn vá»‰a hÃ¨.
06/09/2024,NgÆ°á»i dÃ¢n báº¯t Ä‘áº§u sá»­a láº¡i mÃ¡i nhÃ .
17/09/2024,Äiá»‡n bá»‹ cáº¯t nhiá»u giá» liá»n.
08/09/2024,Nghe tiáº¿ng giÃ³ rÃ­t ráº¥t lá»›n suá»‘t Ä‘Ãªm.
17/09/2024,"Nhiá»u nhÃ  bá»‹ tá»‘c mÃ¡i, thiá»‡t háº¡i náº·ng."
06/09/2024,Gia Ä‘Ã¬nh em thiá»‡t háº¡i khÃ¡ nhiá»u.
16/09/2024,Nghe tiáº¿ng giÃ³ rÃ­t ráº¥t lá»›n suá»‘t Ä‘Ãªm.
09/09/2024,TrÆ°á»ng há»c táº¡m Ä‘Ã³ng cá»­a Ä‘á»ƒ kiá»ƒm tra hÆ° há»ng.
07/09/2024,NhÃ  em cÃ²n Ä‘ang dá»n dáº¹p bÃ¹n Ä‘áº¥t.
12/09/2024,CÃ¡c Ä‘á»™i cá»©u há»™ Ä‘Ã£ cÃ³ máº·t há»— trá»£ ngÆ°á»i dÃ¢n.
19/09/2024,ÄÆ°á»ng ngáº­p sÃ¢u khiáº¿n xe khÃ´ng di chuyá»ƒn Ä‘Æ°á»£c.
19/09/2024,Háº­u bÃ£o Ä‘á»ƒ láº¡i nhiá»u thiá»‡t háº¡i nghiÃªm trá»ng.
17/09/2024,"GiÃ³ máº¡nh quÃ¡, nhÃ  em Ä‘ang rung luÃ´n."
20/09/2024,Äiá»‡n bá»‹ cáº¯t nhiá»u giá» liá»n.
13/09/2024,Má»™t sá»‘ khu vá»±c váº«n cÃ²n ngáº­p sÃ¢u.
05/09/2024,MÆ°a nháº¹ nhÆ°ng kÃ©o dÃ i suá»‘t ngÃ y.
09/09/2024,Má»™t sá»‘ tuyáº¿n Ä‘Æ°á»ng Ä‘Ã£ thÃ´ng xe trá»Ÿ láº¡i.
11/09/2024,TÆ°á»ng nhÃ  em bá»‹ ná»©t sau bÃ£o.
19/09/2024,MÆ°a lá»›n liÃªn tá»¥c tá»« sÃ¡ng Ä‘áº¿n giá».
05/09/2024,"Ngáº­p vÃ o táº­n sÃ¢n rá»“i, lo quÃ¡."
13/09/2024,TrÆ°á»ng há»c táº¡m Ä‘Ã³ng cá»­a Ä‘á»ƒ kiá»ƒm tra hÆ° há»ng.
09/09/2024,KhÃ³ mua Ä‘Æ°á»£c Ä‘á»“ Äƒn vÃ¬ cá»­a hÃ ng Ä‘Ã³ng cá»­a.
20/09/2024,CÃ¡c Ä‘á»™i cá»©u há»™ Ä‘Ã£ cÃ³ máº·t há»— trá»£ ngÆ°á»i dÃ¢n. ğŸ˜¢
09/09/2024,Äiá»‡n bá»‹ cáº¯t nhiá»u giá» liá»n.
12/09/2024,CÃ¡c Ä‘á»™i cá»©u há»™ Ä‘Ã£ cÃ³ máº·t há»— trá»£ ngÆ°á»i dÃ¢n. âš ï¸
06/09/2024,TrÆ°á»ng há»c táº¡m Ä‘Ã³ng cá»­a Ä‘á»ƒ kiá»ƒm tra hÆ° há»ng.
20/09/2024,BÃ  con Ä‘ang dá»n dáº¹p cÃ¢y Ä‘á»• trong khu.
14/09/2024,CÃ¢y cá»‘i ngá»•n ngang trÃªn vá»‰a hÃ¨.
15/09/2024,Nhiá»u gia Ä‘Ã¬nh cáº§n há»— trá»£ thá»±c pháº©m.
11/09/2024,KhÃ³ mua Ä‘Æ°á»£c Ä‘á»“ Äƒn vÃ¬ cá»­a hÃ ng Ä‘Ã³ng cá»­a.
11/09/2024,Nhiá»u gia Ä‘Ã¬nh cáº§n há»— trá»£ thá»±c pháº©m.
15/09/2024,MÆ°a nháº¹ nhÆ°ng kÃ©o dÃ i suá»‘t ngÃ y.
10/09/2024,CÃ³ tiáº¿ng sáº¡t Ä‘áº¥t gáº§n khu vá»±c Ä‘á»“i.
17/09/2024,CÃ¡c Ä‘á»™i cá»©u há»™ Ä‘Ã£ cÃ³ máº·t há»— trá»£ ngÆ°á»i dÃ¢n.
20/09/2024,CÃ³ tiáº¿ng sáº¡t Ä‘áº¥t gáº§n khu vá»±c Ä‘á»“i.
14/09/2024,"Nhiá»u nhÃ  bá»‹ tá»‘c mÃ¡i, thiá»‡t háº¡i náº·ng."
08/09/2024,Nhiá»u gia Ä‘Ã¬nh cáº§n há»— trá»£ thá»±c pháº©m. ğŸ™
14/09/2024,NgÆ°á»i dÃ¢n há»— trá»£ nhau ráº¥t nhiá»u.
13/09/2024,MÆ°a nháº¹ nhÆ°ng kÃ©o dÃ i suá»‘t ngÃ y.
14/09/2024,Má»i ngÆ°á»i trong xÃ³m Ä‘ang chÃ¨n láº¡i mÃ¡i nhÃ .
14/09/2024,CÃ¢y lá»›n bá»‹ Ä‘á»• cháº¯n ngang Ä‘Æ°á»ng.
16/09/2024,Cáº§u nhá» bá»‹ nÆ°á»›c cuá»‘n trÃ´i.
06/09/2024,Gia Ä‘Ã¬nh em thiá»‡t háº¡i khÃ¡ nhiá»u.
05/09/2024,"NÆ°á»›c rÃºt cháº­m quÃ¡, sinh hoáº¡t bá»‹ áº£nh hÆ°á»Ÿng."
09/09/2024,Nghe tiáº¿ng giÃ³ rÃ­t ráº¥t lá»›n suá»‘t Ä‘Ãªm.
10/09/2024,NgÆ°á»i dÃ¢n há»— trá»£ nhau ráº¥t nhiá»u.
07/09/2024,NgÆ°á»i dÃ¢n há»— trá»£ nhau ráº¥t nhiá»u.
19/09/2024,Gia Ä‘Ã¬nh em thiá»‡t háº¡i khÃ¡ nhiá»u.
20/09/2024,Má»™t sá»‘ tuyáº¿n Ä‘Æ°á»ng Ä‘Ã£ thÃ´ng xe trá»Ÿ láº¡i.
09/09/2024,Gia Ä‘Ã¬nh em thiá»‡t háº¡i khÃ¡ nhiá»u.
17/09/2024,MÆ°a lá»›n liÃªn tá»¥c tá»« sÃ¡ng Ä‘áº¿n giá».
15/09/2024,ÄÆ°á»ng ngáº­p sÃ¢u khiáº¿n xe khÃ´ng di chuyá»ƒn Ä‘Æ°á»£c.
14/09/2024,CÃ¡c Ä‘á»™i cá»©u há»™ Ä‘Ã£ cÃ³ máº·t há»— trá»£ ngÆ°á»i dÃ¢n.
15/09/2024,"Nhiá»u nhÃ  bá»‹ tá»‘c mÃ¡i, thiá»‡t háº¡i náº·ng."
11/09/2024,CÃ¡c Ä‘á»™i cá»©u há»™ Ä‘Ã£ cÃ³ máº·t há»— trá»£ ngÆ°á»i dÃ¢n.
15/09/2024,Má»™t sá»‘ khu vá»±c váº«n cÃ²n ngáº­p sÃ¢u.
17/09/2024,CÃ¢y cá»‘i ngá»•n ngang trÃªn vá»‰a hÃ¨.
05/09/2024,Háº­u bÃ£o Ä‘á»ƒ láº¡i nhiá»u thiá»‡t háº¡i nghiÃªm trá»ng.
17/09/2024,"Ngáº­p vÃ o táº­n sÃ¢n rá»“i, lo quÃ¡."
17/09/2024,MÆ°a nháº¹ nhÆ°ng kÃ©o dÃ i suá»‘t ngÃ y.
12/09/2024,"Ngáº­p vÃ o táº­n sÃ¢n rá»“i, lo quÃ¡."
14/09/2024,Nghe tiáº¿ng giÃ³ rÃ­t ráº¥t lá»›n suá»‘t Ä‘Ãªm.
13/09/2024,CÃ³ tiáº¿ng sáº¡t Ä‘áº¥t gáº§n khu vá»±c Ä‘á»“i.
06/09/2024,Má»i ngÆ°á»i trong xÃ³m Ä‘ang chÃ¨n láº¡i mÃ¡i nhÃ .
07/09/2024,MÆ°a lá»›n liÃªn tá»¥c tá»« sÃ¡ng Ä‘áº¿n giá».
07/09/2024,TrÆ°á»ng há»c táº¡m Ä‘Ã³ng cá»­a Ä‘á»ƒ kiá»ƒm tra hÆ° há»ng.
13/09/2024,MÆ°a nháº¹ nhÆ°ng kÃ©o dÃ i suá»‘t ngÃ y.
10/09/2024,BÃ  con Ä‘ang dá»n dáº¹p cÃ¢y Ä‘á»• trong khu.
18/09/2024,Gia Ä‘Ã¬nh em thiá»‡t háº¡i khÃ¡ nhiá»u.
13/09/2024,Háº­u bÃ£o Ä‘á»ƒ láº¡i nhiá»u thiá»‡t háº¡i nghiÃªm trá»ng.
08/09/2024,KhÃ³ mua Ä‘Æ°á»£c Ä‘á»“ Äƒn vÃ¬ cá»­a hÃ ng Ä‘Ã³ng cá»­a.
14/09/2024,"Ngáº­p vÃ o táº­n sÃ¢n rá»“i, lo quÃ¡."
06/09/2024,"NÆ°á»›c rÃºt cháº­m quÃ¡, sinh hoáº¡t bá»‹ áº£nh hÆ°á»Ÿng."
10/09/2024,NhÃ  em cÃ²n Ä‘ang dá»n dáº¹p bÃ¹n Ä‘áº¥t.
16/09/2024,"NÆ°á»›c rÃºt cháº­m quÃ¡, sinh hoáº¡t bá»‹ áº£nh hÆ°á»Ÿng."
06/09/2024,Háº­u bÃ£o Ä‘á»ƒ láº¡i nhiá»u thiá»‡t háº¡i nghiÃªm trá»ng.
18/09/2024,Má»™t sá»‘ khu vá»±c váº«n cÃ²n ngáº­p sÃ¢u.
09/09/2024,Má»i ngÆ°á»i trong xÃ³m Ä‘ang chÃ¨n láº¡i mÃ¡i nhÃ .
18/09/2024,Cáº§u nhá» bá»‹ nÆ°á»›c cuá»‘n trÃ´i.
20/09/2024,Má»™t sá»‘ khu vá»±c váº«n cÃ²n ngáº­p sÃ¢u.
12/09/2024,MÆ°a nháº¹ nhÆ°ng kÃ©o dÃ i suá»‘t ngÃ y.
19/09/2024,CÃ¡c Ä‘á»™i cá»©u há»™ Ä‘Ã£ cÃ³ máº·t há»— trá»£ ngÆ°á»i dÃ¢n.
12/09/2024,BÃ  con Ä‘ang dá»n dáº¹p cÃ¢y Ä‘á»• trong khu.
08/09/2024,Háº­u bÃ£o Ä‘á»ƒ láº¡i nhiá»u thiá»‡t háº¡i nghiÃªm trá»ng.
07/09/2024,Äá»™i cá»©u trá»£ Ä‘ang phÃ¡t nÆ°á»›c sáº¡ch.
16/09/2024,Äiá»‡n bá»‹ cáº¯t nhiá»u giá» liá»n.
10/09/2024,Gia Ä‘Ã¬nh em thiá»‡t háº¡i khÃ¡ nhiá»u.
07/09/2024,Nghe tiáº¿ng giÃ³ rÃ­t ráº¥t lá»›n suá»‘t Ä‘Ãªm.
05/09/2024,"GiÃ³ máº¡nh quÃ¡, nhÃ  em Ä‘ang rung luÃ´n."
07/09/2024,Má»™t sá»‘ tuyáº¿n Ä‘Æ°á»ng Ä‘Ã£ thÃ´ng xe trá»Ÿ láº¡i.
20/09/2024,CÃ¢y lá»›n bá»‹ Ä‘á»• cháº¯n ngang Ä‘Æ°á»ng.
07/09/2024,MÆ°a nháº¹ nhÆ°ng kÃ©o dÃ i suá»‘t ngÃ y.
10/09/2024,ÄÆ°á»ng ngáº­p sÃ¢u khiáº¿n xe khÃ´ng di chuyá»ƒn Ä‘Æ°á»£c.
12/09/2024,Má»™t sá»‘ tuyáº¿n Ä‘Æ°á»ng Ä‘Ã£ thÃ´ng xe trá»Ÿ láº¡i.
19/09/2024,CÃ³ tiáº¿ng sáº¡t Ä‘áº¥t gáº§n khu vá»±c Ä‘á»“i.
20/09/2024,Nghe tiáº¿ng giÃ³ rÃ­t ráº¥t lá»›n suá»‘t Ä‘Ãªm.
11/09/2024,Gia Ä‘Ã¬nh em thiá»‡t háº¡i khÃ¡ nhiá»u.
07/09/2024,NhÃ  em cÃ²n Ä‘ang dá»n dáº¹p bÃ¹n Ä‘áº¥t.
17/09/2024,CÃ¢y cá»‘i ngá»•n ngang trÃªn vá»‰a hÃ¨. ğŸ˜
06/09/2024,KhÃ³ mua Ä‘Æ°á»£c Ä‘á»“ Äƒn vÃ¬ cá»­a hÃ ng Ä‘Ã³ng cá»­a.
20/09/2024,Nhiá»u gia Ä‘Ã¬nh cáº§n há»— trá»£ thá»±c pháº©m.
10/09/2024,Gia Ä‘Ã¬nh em thiá»‡t háº¡i khÃ¡ nhiá»u.
08/09/2024,NgÆ°á»i dÃ¢n há»— trá»£ nhau ráº¥t nhiá»u.
06/09/2024,"SÃ³ng Ä‘iá»‡n thoáº¡i ráº¥t yáº¿u, khÃ³ liÃªn láº¡c."
17/09/2024,Äá»™i cá»©u trá»£ Ä‘ang phÃ¡t nÆ°á»›c sáº¡ch.
10/09/2024,NgÆ°á»i dÃ¢n há»— trá»£ nhau ráº¥t nhiá»u.
16/09/2024,ÄÆ°á»ng ngáº­p sÃ¢u khiáº¿n xe khÃ´ng di chuyá»ƒn Ä‘Æ°á»£c.
15/09/2024,CÃ¢y cá»‘i ngá»•n ngang trÃªn vá»‰a hÃ¨.
18/09/2024,CÃ¢y lá»›n bá»‹ Ä‘á»• cháº¯n ngang Ä‘Æ°á»ng.
05/09/2024,CÃ¢y cá»‘i ngá»•n ngang trÃªn vá»‰a hÃ¨.
15/09/2024,Nhiá»u gia Ä‘Ã¬nh cáº§n há»— trá»£ thá»±c pháº©m.
13/09/2024,ÄÆ°á»ng ngáº­p sÃ¢u khiáº¿n xe khÃ´ng di chuyá»ƒn Ä‘Æ°á»£c.
10/09/2024,Äá»™i cá»©u trá»£ Ä‘ang phÃ¡t nÆ°á»›c sáº¡ch.
14/09/2024,"SÃ³ng Ä‘iá»‡n thoáº¡i ráº¥t yáº¿u, khÃ³ liÃªn láº¡c."
19/09/2024,"Ngáº­p vÃ o táº­n sÃ¢n rá»“i, lo quÃ¡. ğŸ˜¢"
15/09/2024,CÃ¢y lá»›n bá»‹ Ä‘á»• cháº¯n ngang Ä‘Æ°á»ng.
14/09/2024,ÄÆ°á»ng ngáº­p sÃ¢u khiáº¿n xe khÃ´ng di chuyá»ƒn Ä‘Æ°á»£c.
19/09/2024,CÃ³ tiáº¿ng sáº¡t Ä‘áº¥t gáº§n khu vá»±c Ä‘á»“i.
06/09/2024,Má»™t sá»‘ tuyáº¿n Ä‘Æ°á»ng Ä‘Ã£ thÃ´ng xe trá»Ÿ láº¡i.
06/09/2024,TrÆ°á»ng há»c táº¡m Ä‘Ã³ng cá»­a Ä‘á»ƒ kiá»ƒm tra hÆ° há»ng.
09/09/2024,Má»™t sá»‘ khu vá»±c váº«n cÃ²n ngáº­p sÃ¢u.
10/09/2024,Nghe tiáº¿ng giÃ³ rÃ­t ráº¥t lá»›n suá»‘t Ä‘Ãªm.
09/09/2024,"NÆ°á»›c rÃºt cháº­m quÃ¡, sinh hoáº¡t bá»‹ áº£nh hÆ°á»Ÿng."
14/09/2024,"Nhiá»u nhÃ  bá»‹ tá»‘c mÃ¡i, thiá»‡t háº¡i náº·ng. ğŸ™"
12/09/2024,NgÆ°á»i dÃ¢n há»— trá»£ nhau ráº¥t nhiá»u.
07/09/2024,TrÆ°á»ng há»c táº¡m Ä‘Ã³ng cá»­a Ä‘á»ƒ kiá»ƒm tra hÆ° há»ng.
11/09/2024,Nguá»“n nÆ°á»›c sáº¡ch bá»‹ giÃ¡n Ä‘oáº¡n.
10/09/2024,Má»™t sá»‘ tuyáº¿n Ä‘Æ°á»ng Ä‘Ã£ thÃ´ng xe trá»Ÿ láº¡i.
05/09/2024,CÃ¢y cá»‘i ngá»•n ngang trÃªn vá»‰a hÃ¨.
09/09/2024,NgÆ°á»i dÃ¢n báº¯t Ä‘áº§u sá»­a láº¡i mÃ¡i nhÃ .
13/09/2024,ÄÆ°á»ng ngáº­p sÃ¢u khiáº¿n xe khÃ´ng di chuyá»ƒn Ä‘Æ°á»£c.
08/09/2024,Gia Ä‘Ã¬nh em thiá»‡t háº¡i khÃ¡ nhiá»u.
16/09/2024,TÆ°á»ng nhÃ  em bá»‹ ná»©t sau bÃ£o.
05/09/2024,"SÃ³ng Ä‘iá»‡n thoáº¡i ráº¥t yáº¿u, khÃ³ liÃªn láº¡c."
18/09/2024,NhÃ  em cÃ²n Ä‘ang dá»n dáº¹p bÃ¹n Ä‘áº¥t.
08/09/2024,CÃ¢y lá»›n bá»‹ Ä‘á»• cháº¯n ngang Ä‘Æ°á»ng.
13/09/2024,"NÆ°á»›c rÃºt cháº­m quÃ¡, sinh hoáº¡t bá»‹ áº£nh hÆ°á»Ÿng."
15/09/2024,NgÆ°á»i dÃ¢n há»— trá»£ nhau ráº¥t nhiá»u.
08/09/2024,Má»i ngÆ°á»i trong xÃ³m Ä‘ang chÃ¨n láº¡i mÃ¡i nhÃ .
20/09/2024,CÃ¡c Ä‘á»™i cá»©u há»™ Ä‘Ã£ cÃ³ máº·t há»— trá»£ ngÆ°á»i dÃ¢n.
10/09/2024,Háº­u bÃ£o Ä‘á»ƒ láº¡i nhiá»u thiá»‡t háº¡i nghiÃªm trá»ng.
09/09/2024,CÃ³ tiáº¿ng sáº¡t Ä‘áº¥t gáº§n khu vá»±c Ä‘á»“i.
08/09/2024,"GiÃ³ máº¡nh quÃ¡, nhÃ  em Ä‘ang rung luÃ´n."
08/09/2024,Má»™t sá»‘ khu vá»±c váº«n cÃ²n ngáº­p sÃ¢u.
13/09/2024,BÃ  con Ä‘ang dá»n dáº¹p cÃ¢y Ä‘á»• trong khu.
17/09/2024,NhÃ  em cÃ²n Ä‘ang dá»n dáº¹p bÃ¹n Ä‘áº¥t.
09/09/2024,CÃ¢y cá»‘i ngá»•n ngang trÃªn vá»‰a hÃ¨.
07/09/2024,Nghe tiáº¿ng giÃ³ rÃ­t ráº¥t lá»›n suá»‘t Ä‘Ãªm.
07/09/2024,Gia Ä‘Ã¬nh em thiá»‡t háº¡i khÃ¡ nhiá»u.
07/09/2024,BÃ  con Ä‘ang dá»n dáº¹p cÃ¢y Ä‘á»• trong khu.
10/09/2024,KhÃ³ mua Ä‘Æ°á»£c Ä‘á»“ Äƒn vÃ¬ cá»­a hÃ ng Ä‘Ã³ng cá»­a.
08/09/2024,Cáº§u nhá» bá»‹ nÆ°á»›c cuá»‘n trÃ´i.
11/09/2024,Äá»™i cá»©u trá»£ Ä‘ang phÃ¡t nÆ°á»›c sáº¡ch.
20/09/2024,ÄÆ°á»ng ngáº­p sÃ¢u khiáº¿n xe khÃ´ng di chuyá»ƒn Ä‘Æ°á»£c.
06/09/2024,KhÃ³ mua Ä‘Æ°á»£c Ä‘á»“ Äƒn vÃ¬ cá»­a hÃ ng Ä‘Ã³ng cá»­a.
15/09/2024,Gia Ä‘Ã¬nh em thiá»‡t háº¡i khÃ¡ nhiá»u.
10/09/2024,TÆ°á»ng nhÃ  em bá»‹ ná»©t sau bÃ£o.
18/09/2024,Äiá»‡n bá»‹ cáº¯t nhiá»u giá» liá»n.
07/09/2024,TrÆ°á»ng há»c táº¡m Ä‘Ã³ng cá»­a Ä‘á»ƒ kiá»ƒm tra hÆ° há»ng.
20/09/2024,BÃ  con Ä‘ang dá»n dáº¹p cÃ¢y Ä‘á»• trong khu.
06/09/2024,"Ngáº­p vÃ o táº­n sÃ¢n rá»“i, lo quÃ¡."
05/09/2024,MÆ°a nháº¹ nhÆ°ng kÃ©o dÃ i suá»‘t ngÃ y.
20/09/2024,CÃ¡c Ä‘á»™i cá»©u há»™ Ä‘Ã£ cÃ³ máº·t há»— trá»£ ngÆ°á»i dÃ¢n.
09/09/2024,BÃ  con Ä‘ang dá»n dáº¹p cÃ¢y Ä‘á»• trong khu. ğŸ˜
13/09/2024,Cáº§u nhá» bá»‹ nÆ°á»›c cuá»‘n trÃ´i.
15/09/2024,Äiá»‡n bá»‹ cáº¯t nhiá»u giá» liá»n. âš ï¸
20/09/2024,CÃ¢y lá»›n bá»‹ Ä‘á»• cháº¯n ngang Ä‘Æ°á»ng.
18/09/2024,ÄÆ°á»ng ngáº­p sÃ¢u khiáº¿n xe khÃ´ng di chuyá»ƒn Ä‘Æ°á»£c.
09/09/2024,Gia Ä‘Ã¬nh em thiá»‡t háº¡i khÃ¡ nhiá»u. ğŸ˜
16/09/2024,MÆ°a nháº¹ nhÆ°ng kÃ©o dÃ i suá»‘t ngÃ y.
05/09/2024,"SÃ³ng Ä‘iá»‡n thoáº¡i ráº¥t yáº¿u, khÃ³ liÃªn láº¡c."
17/09/2024,"NÆ°á»›c rÃºt cháº­m quÃ¡, sinh hoáº¡t bá»‹ áº£nh hÆ°á»Ÿng."
14/09/2024,"Ngáº­p vÃ o táº­n sÃ¢n rá»“i, lo quÃ¡."
11/09/2024,NgÆ°á»i dÃ¢n báº¯t Ä‘áº§u sá»­a láº¡i mÃ¡i nhÃ .
13/09/2024,KhÃ³ mua Ä‘Æ°á»£c Ä‘á»“ Äƒn vÃ¬ cá»­a hÃ ng Ä‘Ã³ng cá»­a.
11/09/2024,CÃ¡c Ä‘á»™i cá»©u há»™ Ä‘Ã£ cÃ³ máº·t há»— trá»£ ngÆ°á»i dÃ¢n.
17/09/2024,Gia Ä‘Ã¬nh em thiá»‡t háº¡i khÃ¡ nhiá»u.
20/09/2024,MÆ°a lá»›n liÃªn tá»¥c tá»« sÃ¡ng Ä‘áº¿n giá».
20/09/2024,TÆ°á»ng nhÃ  em bá»‹ ná»©t sau bÃ£o.
17/09/2024,NhÃ  em cÃ²n Ä‘ang dá»n dáº¹p bÃ¹n Ä‘áº¥t. ğŸ˜
19/09/2024,"NÆ°á»›c rÃºt cháº­m quÃ¡, sinh hoáº¡t bá»‹ áº£nh hÆ°á»Ÿng."
14/09/2024,NgÆ°á»i dÃ¢n báº¯t Ä‘áº§u sá»­a láº¡i mÃ¡i nhÃ .
18/09/2024,MÆ°a nháº¹ nhÆ°ng kÃ©o dÃ i suá»‘t ngÃ y.
12/09/2024,CÃ¢y lá»›n bá»‹ Ä‘á»• cháº¯n ngang Ä‘Æ°á»ng.
06/09/2024,Nguá»“n nÆ°á»›c sáº¡ch bá»‹ giÃ¡n Ä‘oáº¡n.
15/09/2024,"NÆ°á»›c rÃºt cháº­m quÃ¡, sinh hoáº¡t bá»‹ áº£nh hÆ°á»Ÿng."
11/09/2024,Nghe tiáº¿ng giÃ³ rÃ­t ráº¥t lá»›n suá»‘t Ä‘Ãªm.
15/09/2024,NgÆ°á»i dÃ¢n há»— trá»£ nhau ráº¥t nhiá»u.
17/09/2024,Nghe tiáº¿ng giÃ³ rÃ­t ráº¥t lá»›n suá»‘t Ä‘Ãªm.
05/09/2024,Má»™t sá»‘ khu vá»±c váº«n cÃ²n ngáº­p sÃ¢u.
10/09/2024,"Nhiá»u nhÃ  bá»‹ tá»‘c mÃ¡i, thiá»‡t háº¡i náº·ng."
07/09/2024,"SÃ³ng Ä‘iá»‡n thoáº¡i ráº¥t yáº¿u, khÃ³ liÃªn láº¡c."