date,text
7/9/2024,Cáº­n cáº£nh láº­t thuyá»n á»Ÿ Quáº£ng Ninh. Cáº§u mong ko ai bá»‹ lÃ m sao
7/9/2024,Cá»© ngá»¡ chá»‰ cÃ³ trÃªn phim. Ai ngá» thá»±c táº¿ bÃ£o Ä‘áº¿n tháº­t má»›i tháº¥y khá»§ng khiáº¿p quÃ¡ ğŸ˜¥
7/9/2024,BÃ£o to khiáº¿p quÃ¡
7/9/2024,Sá»£ tháº­t
7/9/2024,giÃ³ sá»£ quÃ¡ mong má»i ngÆ°á»i Ä‘Æ°á»£c bÃ¬nh an
7/9/2024,Sá»£ quÃ¡ b Æ¡i
8/9/2024,khá»§ng khiáº¿p quÃ¡ğŸ¥²
8/9/2024,"sá»£ hÃ£i luÃ´n Ã­, kinh tháº­t sá»±"
7/9/2024,BÃ£o sá»£ quÃ¡ a Æ¡i
7/9/2024,DÃ£ man quÃ¡ luÃ´n Ã½
8/9/2024,DÃ£ man quÃ¡ trá»i luÃ´n a Æ¡i
7/9/2024,QuÃ¡ khá»§ng khiáº¿p mÃ  thÆ°Æ¡ng quÃ¡
7/9/2024,Chá»— em Ä‘ang giÃ³ giáº­t Ã¡c láº¯m ğŸ˜­
8/9/2024,Chá»— em mÆ°a hoÃ i luÃ´n Ã¡
7/9/2024,Bay luÃ´n cáº£ oto á»Ÿ Quáº£ng Ninh trong mÆ°a bÃ£o Yagi
8/9/2024,"BÃ£o lÃ  nÃºp trong nhÃ  thÃ´i nha bÃ  con Ä‘á»«ng cÃ³ ra ngoÃ i ráº¥t nguy hiá»ƒm, náº¿u ra pháº£i cÃºi tháº¥p ngÆ°á»i Ä‘á»£i mÅ© báº£o hiá»ƒm khÃ´ng biáº¿t cÃ¡i gÃ¬ sáº½ bay vÃ o mÃ¬nh Ä‘Ã¢u."
8/9/2024,"NhÃ  e bá»‹ máº¥t Ä‘iá»‡n nÃªn máº¥t sÃ³ng, k gá»i Ä‘iá»‡n vá» há»i thÄƒm tÃ¬nh hÃ¬nh Ä‘Æ°á»£c luÃ´n"
7/9/2024,BÃªn nhÃ  c mÆ°a táº¡nh nhÆ°ng giÃ³ váº«n giáº­t Ã¡c láº¯m
8/9/2024,"Tan hoang chá»‹ áº¡. CÃ¡c cÃ¢y xanh má»‡t quÃ¡, náº±m Æ°á»n háº¿t ra Ä‘Æ°á»ng rÃ¹i"
8/9/2024,NhÃ  chá»‹ gáº«y 1 cÃ¢y mÃ­t vÃ  Ä‘á»• nghiÃªng 2 cÃ¢y mÃ­t thÃ´i. NÃ³i chung khÃ´ng thiá»‡t háº¡i gÃ¬ máº¥y.
7/9/2024,chá»— e bay háº¿t nhÃ  rá»“i =))
7/9/2024,Báº¯c Ninh Ä‘ang giÃ³ ráº¥t to rá»“i.sá»£ quÃ¡.mong lÃ  bÃ£o qua nhanh
8/9/2024,"Má»™t gÃ³c Linh ÄÃ m quÃª em, cÃ¢y cá»‘i Ä‘á»• ngá»•n ngang nhÆ° bá»‹ bom tÃ n phÃ¡, biá»ƒn cá»­a hÃ ng em cÅ©ng bay máº¥t vÃ  há»ng .... CÆ¡n bÃ£o Ä‘Ã£ Ä‘i qua, nhÆ°ng háº­u quáº£ cá»§a nÃ³ Ä‘á»ƒ láº¡i tháº­t khá»§ng khiáº¿p, má»©c tÃ n phÃ¡ khÃ³ mÃ  tÆ°á»Ÿng tÆ°á»£ng Ä‘Æ°á»£c. Ráº¥t nhiá»u cÃ¢y cá»• thá»¥ cÃ³ hÃ ng chá»¥c Ä‘áº¿n cáº£ trÄƒm tuá»•i bá»‹ báº­t gá»‘c, nhiá»u nhÃ , xe bá»‹ hÆ° há»ngâ€¦ máº¥t mÃ¡t quÃ¡ nhiá»u, tháº­t sá»± xÃ³t xa."
6/9/2024,TÃ²ng báº¡t máº¥t Ä‘iá»‡n
6/9/2024,PhÃº sÆ¡n cÅ©ng máº¥t Ä‘iá»‡n vÃ  Ä‘Ã³n nháº­n tá»«ng Ä‘á»£t sÃ©t Ä‘Ã¡nh mong sÃ©t chá»‰ Ä‘Ã¡nh vÃ o cÃ¢y ko Ä‘Ã¡nh vÃ o cÃ¡c tráº¡m Ä‘iá»‡n vÃ  cá»™t Ä‘iá»‡n cho ae Ä‘iá»‡n lá»±c Ä‘á»¡ khá»•
6/9/2024,Máº¥t Ä‘iá»‡n toÃ n pháº§n cÃ¡c bÃ¡c áº¡
6/9/2024,Máº¥t Ä‘iá»‡n
6/9/2024,trung hÃ  cÅ©ng máº¥t Ä‘iá»‡n rá»“i a nhÃ© . mÆ°a thÃ¬ mÆ°a luÃ´n Ä‘i. sáº¥m chá»›p cÃ³ doáº¡ ma
8/9/2024,Khu nhÃ  mÃ¬nh cÃ¢y cá»‘i Ä‘á»• khá»§ng tháº­t bÃ¡c áº¡
8/9/2024,Khu vá»±c em cÅ©ng tan tÃ¡c bÃ¡c Ã 
6/9/2024,HoÃ n Kiáº¿m cÃ¢y Ä‘á»• sáº­p cáº£ nhÃ .
7/9/2024,Má»i thá»© tan tÃ¡c sau cÆ¡n bÃ£o .nhiá»u cÄƒn há»™ Ä‘Ãºng hÆ°á»›ng giÃ³ bá»‹ báº­t cá»­a sá»• quÃ¡ Ä‘Ã¡ng sá»£ luÃ´n 7/9/2024 áº£nh hÆ°á»Ÿng bÃ£o
8/9/2024,NhÃ  c cÃ¢y gÃ£y nhiá»u thes
8/9/2024,"QuÃ¡ khá»§ng khiáº¿p #sieubao #Yagi. KhÃ´ng Ä‘iá»‡n, khÃ´ng nÆ°á»›c, khÃ´ng sÃ³ng Ä‘iá»‡n thoáº¡i, ká»ƒ cÅ©ng hay."
,"trong nhÃ  em cx ngáº­p Ã¡c, cáº£ Ä‘á»“ng lÃºa rá»™ng mÃªnh mÃ´ng giá» há»ng háº¿t"